,Issuer Name,Amt Issued,Issue Date,Maturity,Moody Rtg,S&P Rating,Currency,ISIN,Yld to Mty (Mid),Yield at Issue,Cpn,Moody's Rating Outlook,S&P Outlook,LQA Bid-Ask Spread,Market Cap
1,UBS Group AG,1636152000.0,11/13/2023,#N/A Field Not Applicable,Baa3,BB,USD,USH42097ER43,8.733408002053066,4.492,9.25,POS,NEG,0.2992656027192321,80112709880
5,JPMorgan Chase & Co,2000000000.0,11/13/2023,11/13/2031,A1,A-,EUR,XS2717291970,4.241639503245925,4.457,4.457,STABLE,STABLE,0.0758519689692336,443654140000
7,UBS Group AG,2183377500.0,1/31/2019,#N/A Field Not Applicable,Baa3,BB,USD,USH4209UAT37,8.567313723052978,7.0,7.0,POS,NEG,0.3536730055828841,80112709880
8,JPMorgan Chase & Co,2813031000.0,10/23/2023,10/23/2034,A1,A-,USD,US46647PDY97,5.796943364036102,6.2540000000000004,6.254,STABLE,STABLE,0.0676358712924863,443654140000
9,Apple Inc,1139425000.0,5/10/2023,5/10/2053,Aaa,AA+,USD,US037833EW60,5.084974641797235,4.882,4.85,STABLE,STABLE,0.2750282361678819,2962954783520
10,Morgan Stanley,1898474000.0,11/1/2023,11/1/2034,A1,A-,USD,US61747YFJ91,5.958058902074137,6.627,6.627,STABLE,STABLE,0.0548063197956065,125905011300
12,JPMorgan Chase & Co,2109773250.0,10/23/2023,10/23/2029,A1,A-,USD,US46647PDX15,5.685625696181168,6.087,6.087,STABLE,STABLE,0.0615438328500814,443654140000
14,Morgan Stanley,1898474000.0,11/1/2023,11/1/2029,A1,A-,USD,US61747YFH36,5.865721290153065,6.407,6.407,STABLE,STABLE,0.0485655386459533,125896804740
15,JPMorgan Chase & Co,1875354000.0,10/23/2023,10/22/2027,A1,A-,USD,US46647PDW32,5.844014791580257,6.07,6.07,STABLE,STABLE,0.0230068043688445,443654140000
17,Intel Corp,2109035250.0,2/10/2023,2/10/2033,A2,A,USD,US458140CG35,5.092187057667829,5.237,5.2,NEG,NEG,0.1377072443175396,186958520000
19,Apple Inc,911540000.0,5/10/2023,5/10/2033,Aaa,AA+,USD,US037833EV87,4.5053030133503515,4.311,4.3,STABLE,STABLE,0.1891618446892001,2962799256000
22,Intesa Sanpaolo SpA,1500000000.0,8/29/2023,8/29/2031,Baa1,BBB,EUR,XS2673808726,4.828597597421609,5.237,5.125,STABLE,STABLE,0.1290877782305163,47827802150
26,UBS Group AG,1407717000.0,9/22/2023,9/22/2029,A3,A-,USD,USH42097EN39,6.156378164874833,6.246,6.246,POS,NEG,0.1260393182464532,80112709880
32,UBS Group AG,1642336500.0,9/22/2023,9/22/2034,A3,A-,USD,USH42097EQ69,6.2585297980049965,6.301,6.301,POS,NEG,0.1385436451863351,80112709880
33,JPMorgan Chase & Co,2830362000.0,12/15/2022,12/15/2025,A1,A-,USD,US46647PDM59,6.213879756258849,5.546,5.546,STABLE,STABLE,0.0368614146450967,443654140000
34,JPMorgan Chase & Co,2325240000.0,9/10/2014,9/10/2024,A3,BBB+,USD,US46625HJY71,5.7684459674285335,3.939,3.875,STABLE,STABLE,0.0499572327600241,443654140000
38,Intel Corp,1874698000.0,2/10/2023,2/10/2053,A2,A,USD,US458140CJ73,5.65756227000028,5.703,5.7,NEG,NEG,0.2300488121309482,186958520000
44,UBS Group AG,1173097500.0,9/22/2023,12/22/2027,A3,A-,USD,USH42097EL72,6.189652581436546,6.327,6.327,POS,NEG,0.0992493602200267,80112709880
45,Intesa Sanpaolo SpA,1145197500.0,6/20/2023,6/20/2033,Baa1,BBB,USD,US46115HBZ91,6.957713506579101,6.634,6.625,STABLE,STABLE,0.2500437938111123,47827802150
47,Intesa Sanpaolo SpA,1250000000.0,5/19/2023,5/19/2030,Baa1,BBB,EUR,XS2625196352,4.616325772716796,4.875,4.875,STABLE,STABLE,0.2612606108081988,47827802150
49,JPMorgan Chase & Co,3424221500.0,7/25/2022,7/25/2028,A1,A-,USD,US46647PDG81,5.755986656573126,4.851,4.851,STABLE,STABLE,0.1477761106202359,443654140000
50,Deutsche Bank AG,1152770000.0,2/14/2020,#N/A Field Not Applicable,Ba2,BB-,USD,US251525AX97,9.486627573916588,6.0,6.0,STABLE,POS,0.4538428508404163,22573248090
53,Intesa Sanpaolo SpA,750000000.0,3/8/2023,3/8/2033,Baa3,BBB-,EUR,XS2592658947,5.311483242941377,5.7250000000000005,5.625,STABLE,STABLE,0.4252636796182095,47827802150
54,Intel Corp,1640360750.0,2/10/2023,2/10/2028,A2,A,USD,US458140CE86,4.960280902086145,4.894,4.875,NEG,NEG,0.1243939765784526,186958520000
56,Apple Inc,1476258000.0,8/20/2020,8/20/2060,Aaa,AA+,USD,US037833EA41,4.659061771245866,2.593,2.55,STABLE,STABLE,0.4149826273644829,2962954783520
57,Deutsche Bank AG,1210834500.0,11/21/2014,#N/A Field Not Applicable,Ba2,BB-,USD,US251525AN16,9.538385964647102,7.5,7.5,STABLE,POS,0.4539090287225095,22573248090
58,Apple Inc,1367310000.0,5/10/2023,5/10/2028,Aaa,AA+,USD,US037833ET32,4.561332702277895,4.043,4.0,STABLE,STABLE,0.1272458556032629,2963062097500
59,Apple Inc,3629320000.0,2/23/2016,2/23/2046,Aaa,AA+,USD,US037833BX70,5.104852831661489,4.686,4.65,STABLE,STABLE,0.3191430856118503,2962488200960
61,JPMorgan Chase & Co,2256002500.0,7/24/2023,7/24/2029,A1,A-,USD,US46647PDU75,5.658262690166594,5.299,5.299,STABLE,STABLE,0.0842301035430476,443654140000
63,UBS Group AG,1642336500.0,9/22/2023,9/22/2034,A3,A-,USD,US225401BG25,6.288486805221549,6.301,6.301,POS,NEG,0.1385436451863351,80112709880
65,BlackRock Inc,1166856250.0,5/25/2023,5/25/2033,Aa3,AA-,USD,US09247XAT81,5.178885092898616,4.877,4.75,STABLE,STABLE,0.2438889992027547,110200630110
67,Intesa Sanpaolo SpA,1374237000.0,6/20/2023,6/20/2054,Baa3,BBB-,USD,US46115HCB15,8.341388867728528,7.812,7.778,STABLE,STABLE,0.3238553614581908,47827802150
70,Intesa Sanpaolo SpA,1250000000.0,1/11/2017,#N/A Field Not Applicable,Ba3,BB-,EUR,XS1548475968,9.64981189618777,7.75,7.75,STABLE,STABLE,0.4736066208723616,47827802150
71,Intesa Sanpaolo SpA,1000000000.0,2/20/2023,2/20/2034,Baa3,BB+,EUR,XS2589361240,6.062466575923759,6.184,6.184,STABLE,STABLE,0.3692843730668695,47827802150
72,JPMorgan Chase & Co,1067166057.5,10/20/2017,#N/A Field Not Applicable,Baa2,BBB-,USD,US48128BAD38,8.255310639697775,4.625,8.21873,STABLE,STABLE,0.3429624299466054,443654140000
74,JPMorgan Chase & Co,2814471000.0,4/26/2022,4/26/2026,A1,A-,USD,US46647PCZ71,6.190219154099405,4.08,4.08,STABLE,STABLE,0.0731061702968614,443654140000
75,Morgan Stanley,2373042000.0,10/23/2014,10/23/2024,A1,A-,USD,US61761JVL06,5.822535245731925,3.721,3.7,STABLE,STABLE,0.0388561583047874,125905011300
76,JPMorgan Chase & Co,1152915000.0,4/23/2013,#N/A Field Not Applicable,Baa2,BBB-,USD,US48124BAC90,8.836839550113195,5.15,8.888730000000002,STABLE,STABLE,0.3038234721018676,443654140000
77,Morgan Stanley,3043830000.0,10/18/2022,10/18/2033,A1,A-,USD,US61747YEY77,5.990209844329622,6.3420000000000005,6.342,STABLE,STABLE,0.1551221502073483,125896804740
80,JPMorgan Chase & Co,1657496000.0,5/12/2021,#N/A Field Not Applicable,Baa2,BBB-,USD,US48128BAN10,7.424351822443955,3.65,3.65,STABLE,STABLE,0.2873494155522477,443654140000
82,UBS Group AG,1235755500.0,2/10/2021,#N/A Field Not Applicable,Baa3,BB,USD,USH42097CB19,8.40151611294243,4.375,4.375,POS,NEG,0.4650403062668819,80112709880
84,Danske Bank A/S,1000000000.0,6/21/2023,6/21/2030,Baa2,BBB+,EUR,XS2637421848,4.510067193298896,4.791,4.75,POS,STABLE,0.1294197599213129,150968527130
86,AbbVie Inc,1500927750.0,9/18/2018,11/14/2028,A3,A-,USD,US00287YBF51,4.9433993247340755,4.354,4.25,STABLE,STABLE,0.1150981609645151,245882865540
88,Morgan Stanley,2282872500.0,10/18/2022,10/18/2028,A1,A-,USD,US61747YEV39,5.890363974084191,6.296,6.296,STABLE,STABLE,0.1459512808579511,125905011300
89,Apple Inc,1225947500.0,8/8/2022,8/8/2062,Aaa,AA+,USD,US037833ER75,5.145454468330364,4.118,4.1,STABLE,STABLE,0.3834859626792267,2962954783520
91,Morgan Stanley,2247485000.0,7/21/2023,7/21/2034,A1,A-,USD,US61747YFG52,5.976816462712126,5.424,5.424,STABLE,STABLE,0.1104802358228652,125905011300
92,Morgan Stanley,2022736500.0,7/21/2023,7/20/2029,A1,A-,USD,US61747YFF79,5.837093004996034,5.449,5.449,STABLE,STABLE,0.0953257752373563,125896804740
93,Danske Bank A/S,692300250.0,3/28/2017,#N/A Field Not Applicable,Ba2u,BB+,USD,XS1586367945,7.931333247047571,6.125,6.125,POS,STABLE,0.3928127940859563,150968527130
94,Intel Corp,1171686250.0,2/10/2023,2/10/2030,A2,A,USD,US458140CF51,4.952997069104713,5.13,5.125,NEG,NEG,0.1284235344756702,186958520000
95,Apple Inc,1795312500.0,5/6/2014,5/6/2024,Aaa,AA+,USD,US037833AS94,5.5332767048741,3.4600000000000004,3.45,STABLE,STABLE,0.0906159401772436,2962954783520
96,Intesa Sanpaolo SpA,1000000000.0,9/6/2022,9/6/2027,Baa3,BBB-,EUR,XS2529233814,4.320248337985321,4.75,4.75,STABLE,STABLE,0.1832847144316699,47827802150
98,Apple Inc,2081751750.0,5/11/2020,5/11/2025,Aaa,AA+,USD,US037833DT41,5.086298507106809,1.162,1.125,STABLE,STABLE,0.0433249318023522,2962954783520
101,Intel Corp,1171686250.0,2/10/2023,2/10/2063,A2,A,USD,US458140CK47,5.696049383496265,5.9030000000000005,5.9,NEG,NEG,0.3837226613853213,186958520000
103,JPMorgan Chase & Co,2814471000.0,4/26/2022,4/26/2028,A1,A-,USD,US46647PDA12,5.773589451798344,4.323,4.323,STABLE,STABLE,0.1478434366559929,443654140000
105,Morgan Stanley,2148485000.0,10/19/2021,10/21/2025,A1,A-,USD,US61747YEG61,6.316647573931808,1.164,1.164,STABLE,STABLE,0.0401785119311566,125905011300
107,Intel Corp,937349000.0,2/10/2023,2/10/2043,A2,A,USD,US458140CH18,5.559437002035074,5.63,5.625,NEG,NEG,0.3105500048610345,186958520000
108,Apple Inc,1134162500.0,2/23/2016,2/23/2036,Aaa,AA+,USD,US037833BW97,4.651941995376589,4.5360000000000005,4.5,STABLE,STABLE,0.2829243538052786,2962954783520
110,Morgan Stanley,1844508000.0,4/20/2022,4/20/2037,Baa1,BBB+,USD,US61747YES00,6.879656469436014,5.297,5.297,STABLE,STABLE,0.2240234920279174,125896804740
111,Apple Inc,2075182500.0,2/8/2021,2/8/2028,Aaa,AA+,USD,US037833EC07,4.639907430960774,1.236,1.2,STABLE,STABLE,0.1131555481129599,2962954783520
114,Apple Inc,2282700750.0,2/8/2021,2/8/2031,Aaa,AA+,USD,US037833ED89,4.6442007241931424,1.653,1.65,STABLE,STABLE,0.1478193411674479,2962488200960
115,Intesa Sanpaolo SpA,1000000000.0,5/19/2023,5/19/2026,Baa1,BBB,EUR,XS2625195891,3.930169898239955,4.042,4.0,STABLE,STABLE,0.0717557492398417,47827802150
118,Intesa Sanpaolo SpA,750000000.0,8/29/2023,8/29/2027,Baa1,BBB,EUR,XS2673808486,4.226378946911164,4.46,4.375,STABLE,STABLE,0.0896136044788928,47827802150
120,Morgan Stanley,1849044000.0,1/19/2023,1/19/2038,Baa1,BBB+,USD,US61747YFB65,6.510844783738518,5.948,5.948,STABLE,STABLE,0.1705356563046229,125896804740
122,Apple Inc,2948822500.0,2/23/2016,2/23/2026,Aaa,AA+,USD,US037833BY53,4.905863867835796,3.2760000000000002,3.25,STABLE,STABLE,0.0753985767879805,2962954783520
123,Morgan Stanley,2960142250.0,4/21/2023,4/21/2034,A1,A-,USD,US61747YFE05,5.9657186219119005,5.25,5.25,STABLE,STABLE,0.1441805307300406,125896804740
124,Apple Inc,2111258250.0,2/9/2017,2/9/2027,Aaa,AA+,USD,US037833CJ77,4.721730457972708,3.35,3.35,STABLE,STABLE,0.1054171045017824,2962488200960
125,UBS Group AG,1935060000.0,11/14/2022,11/15/2033,A3,A-,USD,US225401BB38,6.580829109045901,9.016,9.016,POS,NEG,0.2190537417206921,80112709880
126,Morgan Stanley,2729058000.0,7/23/2015,7/23/2025,A1,A-,USD,US6174468C63,5.606971740859767,4.01,4.0,STABLE,STABLE,0.0516568271156992,125905011300
130,Morgan Stanley,1477268000.0,11/22/2013,11/24/2025,Baa1,BBB+,USD,US6174467X10,5.673034443505211,5.051,5.0,STABLE,STABLE,0.0844015638618582,125896804740
131,Intel Corp,1406023500.0,2/10/2023,2/10/2026,A2,A,USD,US458140CD04,5.041720222777686,4.875,4.875,NEG,NEG,0.0827865462328896,186958520000
132,Apple Inc,2313057500.0,5/11/2020,5/11/2050,Aaa,AA+,USD,US037833DW79,5.1040320636263266,2.72,2.65,STABLE,STABLE,0.2829936062666227,2962954783520
133,Intesa Sanpaolo SpA,1250000000.0,3/20/2018,3/20/2028,Baa1,BBB,EUR,XS1785340172,4.125975889850608,1.831,1.75,STABLE,STABLE,0.1734277166009936,47827802150
135,Apple Inc,2288889000.0,5/3/2013,5/4/2043,Aaa,AA+,USD,US037833AL42,5.10740572362654,3.8830000000000005,3.85,STABLE,STABLE,0.2546783849524533,2962954783520
136,Apple Inc,455770000.0,5/10/2023,5/10/2030,Aaa,AA+,USD,US037833EU05,4.5432347933480495,4.195,4.15,STABLE,STABLE,0.2277376551437628,2962488200960
138,Deutsche Bank AG,1391407500.0,4/1/2015,4/1/2025,Baa3,BB+,USD,US251525AP63,7.004660830384473,4.549,4.5,STABLE,POS,0.2278624563819511,22573248090
139,JPMorgan Chase & Co,720773000.0,3/10/2014,#N/A Field Not Applicable,Baa2,BBB-,USD,US46625HJW16,8.99317531719216,6.125,6.125,STABLE,STABLE,0.438831387325437,443711960170
140,AbbVie Inc,3295646250.0,5/14/2015,5/14/2025,A3,A-,USD,US00287YAQ26,5.41841740842127,3.621,3.6,STABLE,STABLE,0.0448112158402798,245882865540
141,Apple Inc,718125000.0,5/6/2014,5/6/2044,Aaa,AA+,USD,US037833AT77,5.033565297411163,4.4830000000000005,4.45,STABLE,STABLE,0.2803352465020251,2962488200960
142,Morgan Stanley,1847780000.0,4/23/2015,4/23/2027,Baa1,BBB+,USD,US61761JZN26,5.665172289124871,3.988,3.95,STABLE,STABLE,0.1059603507197802,125896804740
143,Apple Inc,1589854000.0,9/11/2019,9/11/2029,Aaa,AA+,USD,US037833DP29,4.654264157834658,2.244,2.2,STABLE,STABLE,0.1384226979379615,2962488200960
144,Danske Bank A/S,1000000000.0,1/10/2023,1/12/2027,A3,A+,EUR,XS2573569220,4.402746174165299,4.123,4.0,POS,STABLE,0.0570488844257318,150968527130
145,Deutsche Bank AG,500000000.0,6/10/2020,6/10/2026,A1,A-,EUR,DE000DL19VD6,4.772701912707196,1.3880000000000001,1.375,STABLE,POS,0.0960281618906602,22573248090
146,Apple Inc,1471137000.0,8/8/2022,8/8/2032,Aaa,AA+,USD,US037833EP10,4.6619869533868235,3.364,3.35,STABLE,STABLE,0.184003130223004,2962488200960
147,Apple Inc,2075182500.0,2/8/2021,2/8/2026,Aaa,AA+,USD,US037833EB24,4.849598886439097,0.746,0.7,STABLE,STABLE,0.0749427900849741,2962954783520
149,Morgan Stanley,2577762000.0,7/24/2017,7/22/2028,A1,A-,USD,US61744YAK47,5.200615083113654,3.591,3.591,STABLE,STABLE,0.135485322280467,125896804740
151,Intesa Sanpaolo SpA,1374237000.0,6/20/2023,6/20/2054,Baa3,BBB-,USD,XS2638076187,8.316961185065542,7.812,7.778,STABLE,STABLE,0.3238553614581908,47827802150
152,Morgan Stanley,1739567250.0,9/8/2014,9/8/2026,Baa1,BBB+,USD,US6174467Y92,5.7283968573633315,4.369,4.35,STABLE,STABLE,0.108408748110947,125905011300
154,Intesa Sanpaolo SpA,750000000.0,10/13/2022,1/13/2030,Baa1,BBB,EUR,XS2545759099,4.597955526460111,5.376,5.25,STABLE,STABLE,0.2004628426175522,47827802150
155,Morgan Stanley,2470224000.0,1/25/2021,1/25/2024,A1,A-,USD,US6174468W28,5.6106502479810985,0.529,5.809734883782739,STABLE,STABLE,0.0260895642555469,125905011300
156,UBS Group AG,2073980250.0,1/12/2023,1/12/2034,A3,A-,USD,USH42097DT18,6.211043023629847,5.9590000000000005,5.959,POS,NEG,0.336529481766166,80112709880
157,Apple Inc,1758830000.0,5/13/2015,5/13/2025,Aaa,AA+,USD,US037833BG48,5.075670833315039,3.241,3.2,STABLE,STABLE,0.0503545442057957,2963032547280
161,Intesa Sanpaolo SpA,1000000000.0,9/15/2014,9/15/2026,Baa3,BB+,EUR,XS1109765005,4.453396345648324,3.928,3.928,STABLE,STABLE,0.4574527310759187,47827802150
162,Intesa Sanpaolo SpA,1250000000.0,5/26/2020,5/26/2025,Baa1,BBB,EUR,XS2179037697,4.049516274943093,2.1670000000000003,2.125,STABLE,STABLE,0.0616400597783948,47827802150
163,JPMorgan Chase & Co,1613716000.0,12/9/2014,12/15/2026,A3,BBB+,USD,US46625HJZ47,5.454521618145847,4.152,4.125,STABLE,STABLE,0.1090272625436976,443654140000
164,JPMorgan Chase & Co,1340926500.0,9/25/2015,10/1/2027,A3,BBB+,USD,US46625HNJ58,5.117793411220251,4.287,4.25,STABLE,STABLE,0.1309511920174331,443654140000
165,Morgan Stanley,2810331000.0,1/20/2017,1/20/2027,A1,A-,USD,US61746BEF94,5.275032120204719,3.746,3.625,STABLE,STABLE,0.0768005617601558,125905011300
167,Morgan Stanley,1698132000.0,7/20/2021,1/22/2025,A1,A-,USD,US61747YEB74,6.084808895295099,0.791,0.791,STABLE,STABLE,0.0312238924561439,125896804740
170,Intesa Sanpaolo SpA,1000000000.0,1/18/2017,1/18/2024,Baa1,BBB,EUR,XS1551306951,4.071505440888281,1.479,1.375,STABLE,STABLE,0.0186433589633328,47827802150
172,Morgan Stanley,2166567000.0,4/28/2014,4/29/2024,A1,A-,USD,US61746BDQ68,5.765506234224137,3.982,3.875,STABLE,STABLE,0.1357073656294862,125905011300
173,Apple Inc,1452627750.0,2/8/2021,2/8/2061,Aaa,AA+,USD,US037833EG11,5.0121302782891215,2.8120000000000003,2.8,STABLE,STABLE,0.275529222377187,2963062097500
175,JPMorgan Chase & Co,2221145000.0,1/23/2015,1/23/2025,A1,A-,USD,US46625HKC33,5.584690222489462,3.1510000000000002,3.125,STABLE,STABLE,0.0578451431468023,443654140000
176,JPMorgan Chase & Co,1807028000.0,9/12/2019,10/15/2025,A1,A-,USD,US46647PBF27,6.339554474833627,2.301,2.301,STABLE,STABLE,0.0371861841050815,443654140000
178,UBS Group AG,1407717000.0,9/22/2023,9/22/2029,A3,A-,USD,US225401BE76,6.149498800825126,6.246,6.246,POS,NEG,0.1260393182464532,80112709880
180,Alpha Bank SA,500000000.0,6/27/2023,6/27/2029,Ba2,BB-,EUR,XS2640904319,6.525013196194075,7.0,6.875,POS,STABLE,0.2590411422593964,3715682320
181,Apple Inc,1054470000.0,8/20/2020,8/20/2050,Aaa,AA+,USD,US037833DZ01,5.005142873504458,2.4130000000000003,2.4,STABLE,STABLE,0.2920634262222396,2962799256000
182,Apple Inc,1765452000.0,2/9/2015,2/9/2045,Aaa,AA+,USD,US037833BA77,5.074663629803244,3.498,3.45,STABLE,STABLE,0.3299587387996789,2962954783520
184,Nasdaq Inc,916509000.0,6/28/2023,6/28/2028,Baa2,BBB,USD,US63111XAH44,5.308150314875893,5.396,5.35,STABLE,STABLE,0.129097027665648,32223471230
185,Intel Corp,1227542500.0,8/5/2022,8/5/2032,A2,A,USD,US458140CA64,4.956922785447004,4.17,4.15,NEG,NEG,0.2291901578820213,186958520000
187,Nasdaq Inc,687381750.0,6/28/2023,6/28/2063,Baa2,BBB,USD,US63111XAL55,6.0845977996072005,6.140000000000001,6.1,STABLE,STABLE,0.4486479745574819,32223471230
188,JPMorgan Chase & Co,3388177500.0,9/12/2019,10/15/2030,A1,A-,USD,US46647PBE51,5.76576198075575,2.7390000000000003,2.739,STABLE,STABLE,0.1563452618402044,443654140000
189,Morgan Stanley,1659392000.0,7/24/2012,7/24/2042,A1,A-,USD,US617482V925,5.621719424222232,6.461,6.375,STABLE,STABLE,0.2835206883155987,125896804740
191,Morgan Stanley,2311305000.0,1/19/2023,2/1/2029,A1,A-,USD,US61747YFA82,5.900729244503852,5.123,5.123,STABLE,STABLE,0.1456341132192204,125905011300
194,Deutsche Bank AG,1250000000.0,2/17/2015,2/17/2025,Baa3,BB+,EUR,DE000DB7XJJ2,4.2629150429951475,2.783,2.75,STABLE,POS,0.4762511303331925,22573248090
196,Intesa Sanpaolo SpA,500000000.0,10/14/2020,10/14/2030,Baa3,BB+,EUR,XS2243298069,5.280518335867621,2.9250000000000003,2.925,STABLE,STABLE,0.6092028602330428,47827802150
197,JPMorgan Chase & Co,1919330000.0,6/14/2022,6/14/2030,A1,A-,USD,US46647PDF09,5.735754507353178,4.565,4.565,STABLE,STABLE,0.1916079541160712,443654140000
198,Intesa Sanpaolo SpA,500000000.0,10/2/2023,10/2/2025,Baa1,BBB,EUR,XS2696903728,4.212311624477216,4.529,4.5,STABLE,STABLE,0.1325148191392512,47827802150
199,JPMorgan Chase & Co,2914541000.0,4/22/2021,4/22/2052,A1,A-,USD,US46647PCE43,5.558202544576776,3.3280000000000003,3.328,STABLE,STABLE,0.3397992381395216,443668595050
200,Morgan Stanley,2504735750.0,4/21/2023,4/20/2029,A1,A-,USD,US61747YFD22,5.9012177725289146,5.164,5.164,STABLE,STABLE,0.1131309442866239,125905011300
201,Intesa Sanpaolo SpA,750000000.0,9/1/2020,#N/A Field Not Applicable,Ba3,BB-,EUR,XS2223761813,8.820174325205977,5.961,5.875,STABLE,STABLE,0.5804122342600102,47827802150
202,Apple Inc,1716326500.0,8/8/2022,8/8/2052,Aaa,AA+,USD,US037833EQ92,5.115614065067161,3.988,3.95,STABLE,STABLE,0.3768596247185913,2962488200960
205,Intesa Sanpaolo SpA,613095750.0,6/1/2021,6/1/2042,Baa3,BB+,USD,US46115HBS58,8.88897203449424,4.95,4.95,STABLE,STABLE,0.3161302431188471,47827802150
208,JPMorgan Chase & Co,1459892000.0,5/13/2014,5/13/2024,A1,A-,USD,US46625HJX98,5.687027381565043,3.684,3.625,STABLE,STABLE,0.1107117264197187,443654140000
210,JPMorgan Chase & Co,2725365000.0,7/21/2016,10/1/2026,A1,A-,USD,US46625HRV41,5.114862382045284,2.975,2.95,STABLE,STABLE,0.0812917517890065,443654140000
211,UBS Group AG,1473051000.0,8/5/2022,8/5/2033,A3,A-,USD,USH42097DL81,6.376513148634746,4.988,4.988,POS,NEG,0.3648736240730391,80112709880
212,Apple Inc,911540000.0,5/10/2023,5/8/2026,Aaa,AA+,USD,US037833ES58,4.843585497300617,4.421,4.421,STABLE,STABLE,0.1087932719047465,2962954783520
217,UBS Group AG,2221255000.0,9/24/2015,9/24/2025,A3u,A-,USD,USG91703AB73,6.097647607110796,4.148,4.125,POS,NEG,0.09183374717505,80112709880
218,JPMorgan Chase & Co,2789010000.0,3/24/2020,3/24/2031,A1,A-,USD,US46647PBJ49,5.990501806119385,4.493,4.493,STABLE,STABLE,0.1770969448218341,443654140000
219,Morgan Stanley,1268262500.0,10/18/2022,10/16/2026,A1,A-,USD,US61747YEX94,6.242387903734481,6.138,6.138,STABLE,STABLE,0.118352057718183,125905011300
220,Apple Inc,1642089750.0,2/9/2017,2/9/2024,Aaa,AA+,USD,US037833CG39,5.726772662195756,3.007,3.0,STABLE,STABLE,0.0597634853714939,2962488200960
221,AbbVie Inc,2197097500.0,5/14/2015,5/14/2035,A3,A-,USD,US00287YAR09,5.277691843599392,4.553,4.5,STABLE,STABLE,0.1990391254654204,245904051990
222,Apple Inc,980758000.0,8/8/2022,8/8/2029,Aaa,AA+,USD,US037833EN61,4.611109401479598,3.27,3.25,STABLE,STABLE,0.1939703879772564,2962954783520
224,Deutsche Bank AG,750000000.0,11/29/2022,11/29/2027,A1,A-,EUR,DE000A30VQ09,3.8635161700698513,4.025,4.0,STABLE,POS,0.170100027989299,22573248090
225,Apple Inc,1758830000.0,5/13/2015,5/13/2045,Aaa,AA+,USD,US037833BH21,5.119359898433825,4.397,4.375,STABLE,STABLE,0.308770181944894,2962488200960
227,JPMorgan Chase & Co,2772093000.0,5/13/2020,5/13/2031,A3,BBB+,USD,US46647PBP09,6.067147132289432,2.956,2.956,STABLE,STABLE,0.1600762673535532,443711960170
228,Apple Inc,2020173750.0,8/4/2016,8/4/2026,Aaa,AA+,USD,US037833BZ29,4.840052866343234,2.481,2.45,STABLE,STABLE,0.0736774502233574,2962954783520
229,Intesa Sanpaolo SpA,1145197500.0,6/20/2023,6/20/2033,Baa1,BBB,USD,XS2638075700,6.973025280199065,6.634,6.625,STABLE,STABLE,0.2500437938111123,47827802150
230,JPMorgan Chase & Co,1919330000.0,6/14/2022,6/14/2025,A1,A-,USD,US46647PDE34,6.311359734535497,3.845,3.845,STABLE,STABLE,0.0352074412264902,443654140000
233,Intesa Sanpaolo SpA,1250000000.0,3/16/2021,3/16/2028,Baa1,BBB,EUR,XS2317069685,4.1175909014545615,0.757,0.75,STABLE,STABLE,0.165280889873779,47827802150
234,Intesa Sanpaolo SpA,750000000.0,9/1/2020,#N/A Field Not Applicable,Ba3,BB-,EUR,XS2223762381,8.84304063558802,5.5,5.5,STABLE,STABLE,0.5713205510657712,47827802150
238,Intesa Sanpaolo SpA,613095750.0,6/1/2021,6/1/2032,Baa3,BB+,USD,US46115HBQ92,8.399835423410387,4.1979999999999995,4.198,STABLE,STABLE,0.2093180794833789,47827802150
241,Morgan Stanley,2914541000.0,4/22/2021,5/4/2027,A1,A-,USD,US61772BAB99,5.986801103063768,1.593,1.593,STABLE,STABLE,0.089618299442687,125896804740
243,JPMorgan Chase & Co,2345392500.0,4/26/2022,4/26/2033,A1,A-,USD,US46647PDC77,5.789691274015414,4.586,4.586,STABLE,STABLE,0.1992732874885909,443654140000
244,AbbVie Inc,1756482000.0,5/12/2016,5/14/2026,A3,A-,USD,US00287YAY59,5.0778358864845545,3.245,3.2,STABLE,STABLE,0.0647687677879745,245904051990
247,JPMorgan Chase & Co,2235295000.0,3/23/2016,4/1/2026,A1,A-,USD,US46625HQW33,5.381040955790706,3.314,3.3,STABLE,STABLE,0.0789068470995585,443654140000
252,UBS Group AG,1935060000.0,11/14/2022,11/15/2033,A3,A-,USD,USH3698DDW14,6.586395629323485,9.016,9.016,POS,NEG,0.2190537417206921,80112709880
255,UBS Group AG,1250000000.0,3/17/2023,3/17/2032,A3,A-,EUR,CH1255915014,4.605563085866351,4.824,4.75,POS,NEG,0.2280932246493315,80112709880
256,Apple Inc,1245109500.0,2/8/2021,2/8/2041,Aaa,AA+,USD,US037833EE62,5.004135310657904,2.3850000000000002,2.375,STABLE,STABLE,0.2604418481141124,2962954783520
257,UBS Group AG,1718559500.0,8/5/2022,8/5/2027,A3,A-,USD,USH42097DK09,6.369851723260784,4.703,4.703,POS,NEG,0.1251054022606735,80112709880
258,UBS Group AG,2128515750.0,1/9/2017,1/9/2028,A3,A-,USD,USH3698DAR55,5.878381777202181,4.282,4.282,POS,NEG,0.1846517570901186,80112709880
262,Morgan Stanley,1962602000.0,7/20/2022,7/17/2026,A1,A-,USD,US61747YET82,6.329095452120459,4.679,4.679,STABLE,STABLE,0.0695231184472642,125896804740
263,Morgan Stanley,2759508000.0,1/27/2016,1/27/2026,A1,A-,USD,US61746BDZ67,5.417431169328894,3.9000000000000004,3.875,STABLE,STABLE,0.0881655990805965,125905011300
264,Intesa Sanpaolo SpA,1250000000.0,7/4/2019,7/4/2024,Baa1,BBB,EUR,XS2022425297,4.162185810618487,1.03,1.0,STABLE,STABLE,0.0495872739769876,47827802150
265,Nasdaq Inc,1145636250.0,6/28/2023,2/15/2034,Baa2,BBB,USD,US63111XAJ00,5.618778573483006,5.5520000000000005,5.55,STABLE,STABLE,0.2344479188081022,32223471230
266,Apple Inc,1692580000.0,8/18/2017,8/19/2024,Aaa,AA+,CAD,CA037833CY47,5.172653686948265,2.513,2.513,STABLE,STABLE,0.0531654603643249,2962643728480
268,UBS Group AG,2183377500.0,1/31/2019,#N/A Field Not Applicable,Baa3,BB,USD,US90352JAF03,8.58242508197265,7.0,7.0,POS,NEG,0.3536730055828841,80112709880
269,JPMorgan Chase & Co,3236037000.0,4/22/2020,4/22/2026,A1,A-,USD,US46647PBK12,6.524326637100446,2.083,2.083,STABLE,STABLE,0.0451239729367749,443654140000
271,Nasdaq Inc,687381750.0,6/28/2023,8/15/2053,Baa2,BBB,USD,US63111XAK72,5.94365488123407,5.99,5.95,STABLE,STABLE,0.3857426670717795,32223471230
272,Alpha Bank SA,450000000.0,12/16/2022,6/16/2027,Ba2,BB-,EUR,XS2562213145,6.4546102924119415,7.75,7.5,POS,STABLE,0.2876210825136768,3715682320
273,Apple Inc,1942736400.0,8/5/2021,8/5/2028,Aaa,AA+,USD,US037833EH93,4.594010392420062,1.434,1.4,STABLE,STABLE,0.1013943471950956,2962954783520
274,JPMorgan Chase & Co,1379824500.0,2/24/2020,#N/A Field Not Applicable,Baa2,BBB-,USD,US48128BAH42,8.266763033998485,4.0,4.0,STABLE,STABLE,0.3412041093542019,443654140000
275,Danske Bank A/S,1000000000.0,1/10/2023,1/10/2031,A3,A+,EUR,XS2573569576,4.207376153616967,4.235,4.125,POS,STABLE,0.1764117310087396,151054745590
277,Alpha Bank SA,500000000.0,9/23/2021,3/23/2028,Ba2,BB-,EUR,XS2388172855,6.438871023524786,2.625,2.5,POS,STABLE,0.3424107906815271,3715682320
279,Danske Bank A/S,750000000.0,2/17/2022,2/17/2027,Baa2,BBB+,EUR,XS2443438051,4.502478627517046,1.3960000000000001,1.375,POS,STABLE,0.0878665385401687,151054745590
281,Morgan Stanley,2769624000.0,4/28/2020,4/28/2026,A1,A-,USD,US6174468Q59,6.546741829198007,2.188,2.188,STABLE,STABLE,0.0654768536098366,125896804740
282,UBS Group AG,1718559500.0,8/5/2022,8/5/2025,A3,A-,USD,USH42097DJ36,6.704601583543716,4.49,4.49,POS,NEG,0.0648396436070925,80112709880
283,JPMorgan Chase & Co,1784184000.0,6/1/2017,3/1/2025,A1,A-,USD,US46647PAH91,6.723711558306789,3.22,3.22,STABLE,STABLE,0.0204909986732974,443654140000
285,UBS Group AG,2128515750.0,1/9/2017,1/9/2028,A3,A-,USD,US225401AC20,5.92670987747304,4.282,4.282,POS,NEG,0.1846517570901186,80112709880
286,Morgan Stanley,2730450000.0,7/25/2016,7/27/2026,A1,A-,USD,US61761J3R84,5.484059971005255,3.205,3.125,STABLE,STABLE,0.0835617944796463,125905011300
287,Apple Inc,1054470000.0,8/20/2020,8/20/2030,Aaa,AA+,USD,US037833DY36,4.672079272492408,1.276,1.25,STABLE,STABLE,0.1641424750594155,2962954783520
288,Intesa Sanpaolo SpA,1369687500.0,1/15/2016,1/15/2026,Baa3,BB+,USD,US46115HAW79,6.906084584531465,5.71,5.71,STABLE,STABLE,0.1898689865047324,47827802150
290,Intesa Sanpaolo SpA,1000000000.0,7/4/2019,7/4/2029,Baa1,BBB,EUR,XS2022424993,4.339170454436372,1.831,1.75,STABLE,STABLE,0.2476018235214178,47827802150
291,Apple Inc,1054470000.0,8/20/2020,8/20/2025,Aaa,AA+,USD,US037833DX52,4.924387372577725,0.598,0.55,STABLE,STABLE,0.091058087463956,2962954783520
294,UBS Group AG,1173097500.0,9/22/2023,12/22/2027,A3,A-,USD,US225401BC11,6.219939374218513,6.327,6.327,POS,NEG,0.0992493602200267,80112709880
296,AbbVie Inc,1500927750.0,9/18/2018,11/14/2048,A3,A-,USD,US00287YBD04,5.489415923152784,4.942,4.875,STABLE,STABLE,0.3291130542228741,245882865540
297,Morgan Stanley,2452383000.0,6/1/2021,5/30/2025,A1,A-,USD,US61747YEA91,6.232747006632888,0.79,0.79,STABLE,STABLE,0.0362960649859778,125905011300
301,UBS Group AG,1754970000.0,4/5/2016,4/15/2026,A3u,A-,USD,USG91703AK72,5.959733248361004,4.152,4.125,POS,NEG,0.112212532356716,80112709880
302,Apple Inc,938337000.0,2/9/2017,2/9/2047,Aaa,AA+,USD,US037833CH12,5.050517257542158,4.2620000000000005,4.25,STABLE,STABLE,0.3693523839313836,2962799256000
303,Intesa Sanpaolo SpA,1469282000.0,6/26/2014,6/26/2024,Baa3,BB+,USD,US46115HAT41,7.564217145764059,5.017,5.017,STABLE,STABLE,0.1914711509490935,47827802150
304,Nasdaq Inc,750000000.0,6/28/2023,2/15/2032,Baa2,BBB,EUR,XS2643673952,4.148081470169905,4.561,4.5,STABLE,STABLE,0.2679011470754591,32223471230
305,Morgan Stanley,2551095000.0,9/16/2021,9/16/2036,Baa1,BBB+,USD,US61747YEF88,6.629847713680093,2.484,2.484,STABLE,STABLE,0.1164663631756552,125896804740
306,Apple Inc,1324089000.0,2/9/2015,2/9/2025,Aaa,AA+,USD,US037833AZ38,5.07969284634053,2.516,2.5,STABLE,STABLE,0.0567765005307362,2962954783520
310,Alpha Bank SA,400000000.0,11/1/2022,11/1/2025,Ba2,BB-,EUR,XS2549772924,6.346051978103885,7.25,7.0,POS,STABLE,0.3277378865515176,3715682320
311,JPMorgan Chase & Co,2589309000.0,11/8/2021,11/8/2032,A1,A-,USD,US46647PCR55,5.742443878268135,2.545,2.545,STABLE,STABLE,0.1590073552744087,443654140000
312,JPMorgan Chase & Co,2281075000.0,7/21/2015,7/15/2025,A1,A-,USD,US46625HMN79,5.452318592300134,3.946,3.9,STABLE,STABLE,0.0625139539119501,443654140000
313,Morgan Stanley,2633310000.0,1/23/2019,1/23/2030,A1,A-,USD,US6174468G77,5.901393198115309,4.431,4.431,STABLE,STABLE,0.1276884998050079,125905011300
314,JPMorgan Chase & Co,1672160000.0,2/4/2021,2/4/2027,A1,A-,USD,US46647PBW59,5.8325561713424365,1.04,1.04,STABLE,STABLE,0.0893256178228013,443654140000
315,AbbVie Inc,1450000000.0,11/17/2016,5/17/2024,A3,A-,EUR,XS1520899532,4.014336917446274,1.407,1.375,STABLE,STABLE,0.0415192397159454,245904051990
316,Apple Inc,1286151000.0,11/13/2017,11/13/2027,Aaa,AA+,USD,US037833DK32,4.595528964286325,3.034,3.0,STABLE,STABLE,0.1349901287661615,2962488200960
317,Apple Inc,898909000.0,6/20/2017,6/20/2027,Aaa,AA+,USD,US037833CX61,4.6558696325977404,3.027,3.0,STABLE,STABLE,0.1261959982523762,2962954783520
318,JPMorgan Chase & Co,2343368500.0,9/22/2021,9/22/2027,A1,A-,USD,US46647PCP99,5.7599238982032395,1.47,1.47,STABLE,STABLE,0.0902647770316865,443654140000
320,JPMorgan Chase & Co,1675646000.0,6/23/2021,6/23/2025,A1,A-,USD,US46647PCK03,6.238162050313994,0.969,0.969,STABLE,STABLE,0.0342992710111384,443654140000
321,JPMorgan Chase & Co,1097839500.0,1/28/2014,2/1/2024,A1,A-,USD,US46625HJT86,5.690964309073636,3.943,3.875,STABLE,STABLE,0.0722850039828364,443668595050
322,Intel Corp,2038956750.0,7/29/2015,7/29/2025,A2,A,USD,US458140AS90,5.259762034165017,3.718,3.7,NEG,NEG,0.0617719493457753,186958520000
324,Renk AG/Frankfurt am Main,520000000.0,7/13/2020,7/15/2025,B1,B+,EUR,XS2199445193,6.392547086504757,5.75,5.75,STABLE,POS,0.7212466575802312,#N/A Field Not Applicable
326,Deutsche Bank AG,550000000.0,1/11/2023,1/11/2029,Baa1,BBB-,EUR,DE000A30V5C3,5.238071349820602,5.441,5.375,STABLE,POS,0.2666051931330999,22573248090
327,Deutsche Bank AG,1500000000.0,3/17/2015,3/17/2025,Baa1,BBB-,EUR,DE000DB7XJP9,4.267225441093484,1.241,1.125,STABLE,POS,0.1572588918943944,22573248090
328,Deutsche Bank AG,691228500.0,1/13/2016,1/13/2026,Baa1,BBB-,USD,US25152R2Y86,5.955299631945726,4.119,4.1,STABLE,POS,0.2501320280504598,22573248090
330,JPMorgan Chase & Co,896806250.0,10/21/2010,10/15/2040,A1,A-,USD,US46625HHV50,5.539867960826445,5.563000000000001,5.5,STABLE,STABLE,0.3303174841281048,443654140000
335,Morgan Stanley,1000000000.0,10/25/2022,10/25/2028,A1,A-,EUR,XS2548080832,4.350765435305395,4.813,4.813,STABLE,STABLE,0.146273559431711,125896804740
336,JPMorgan Chase & Co,2202642500.0,12/5/2018,12/5/2029,A1,A-,USD,US46647PAX42,5.719626655910955,4.452,4.452,STABLE,STABLE,0.1882283155950517,443654140000
338,Apple Inc,2490219000.0,2/8/2021,2/8/2051,Aaa,AA+,USD,US037833EF38,5.105321338591585,2.682,2.65,STABLE,STABLE,0.3005519750801723,2962954783520
339,JPMorgan Chase & Co,934670000.0,8/21/2013,8/16/2043,A3,BBB+,USD,US46625HJM34,5.716944625843136,5.678,5.625,STABLE,STABLE,0.435049572516459,443654140000
343,JPMorgan Chase & Co,1841530500.0,4/23/2018,4/23/2029,A1,A-,USD,US46647PAR73,5.7072813886404274,4.005,4.005,STABLE,STABLE,0.1396623211991406,443654140000
345,JPMorgan Chase & Co,2321379500.0,11/19/2020,11/19/2026,A1,A-,USD,US46647PBT21,5.97498509931372,1.045,1.045,STABLE,STABLE,0.0895218341596988,443654140000
349,Intel Corp,576960750.0,12/11/2012,12/15/2032,A2,A,USD,US458140AN04,4.981016831011047,4.065,4.0,NEG,NEG,0.2557930360187116,186958520000
350,JPMorgan Chase & Co,2080309500.0,4/22/2020,4/22/2051,A1,A-,USD,US46647PBN50,5.596010313467783,3.109,3.109,STABLE,STABLE,0.3657781711874139,443654140000
352,Morgan Stanley,1386783000.0,1/19/2023,1/28/2027,A1,A-,USD,US61747YEZ43,5.948631600671008,5.05,5.05,STABLE,STABLE,0.0987503617197147,125905011300
356,Apple Inc,1840452000.0,5/11/2017,5/11/2027,Aaa,AA+,USD,US037833CR93,4.694278781996212,3.2,3.2,STABLE,STABLE,0.121419157307978,2962954783520
358,UBS Group AG,1855082000.0,3/23/2017,3/23/2028,A3u,A-,USD,USH4209UAC02,5.917056268398146,4.253,4.253,POS,NEG,0.1865797115011399,80112709880
359,Apple Inc,844668000.0,8/5/2021,8/5/2031,Aaa,AA+,USD,US037833EJ59,4.68010488036192,1.746,1.7,STABLE,STABLE,0.1557768832325941,2962488200960
363,BlackRock Inc,894362000.0,4/29/2019,4/30/2029,Aa3,AA-,USD,US09247XAP69,4.743707926783617,3.346,3.25,STABLE,STABLE,0.1259019027353524,110200630110
366,Morgan Stanley,1962602000.0,7/20/2022,7/20/2033,A1,A-,USD,US61747YEU55,5.980744107147199,4.889,4.889,STABLE,STABLE,0.219415543522157,125896804740
367,JPMorgan Chase & Co,3100720000.0,1/25/2022,1/25/2033,A1,A-,USD,US46647PCU84,5.768048032448745,2.963,2.963,STABLE,STABLE,0.1440091712861801,443654140000
368,Apple Inc,1619140250.0,5/11/2020,5/11/2030,Aaa,AA+,USD,US037833DU14,4.676592978075187,1.727,1.65,STABLE,STABLE,0.1562611922846164,2962954783520
369,Morgan Stanley,2734458000.0,3/31/2020,4/1/2031,A1,A-,USD,US6174468P76,6.09628326382928,3.622,3.622,STABLE,STABLE,0.1429503743435352,125905011300
370,BlackRock Inc,700000000.0,5/6/2015,5/6/2025,Aa3,AA-,EUR,XS1117297785,3.7763780709270716,1.286,1.25,STABLE,STABLE,0.096098221438493,110200630110
371,JPMorgan Chase & Co,2283230000.0,4/25/2017,5/1/2028,A1,A-,USD,US46647PAF36,5.828363982976231,3.54,3.54,STABLE,STABLE,0.1292275556702391,443654140000
372,Intesa Sanpaolo SpA,455069000.0,9/23/2019,9/23/2049,Baa1,BBB,USD,US46115HBN61,7.4825498305244,4.742,4.7,STABLE,STABLE,0.3173340752213244,47827802150
373,JPMorgan Chase & Co,1594773250.0,5/29/2015,6/1/2045,A3,BBB+,USD,US46625HLL23,5.733720777614784,4.996,4.95,STABLE,STABLE,0.4597808206373061,443654140000
376,Morgan Stanley,2202137500.0,1/27/2015,1/27/2045,A1,A-,USD,US61747YDY86,5.629470023771164,4.345,4.3,STABLE,STABLE,0.2813753436624681,125905011300
377,Apple Inc,1400000000.0,11/10/2014,11/10/2026,Aaa,AA+,EUR,XS1135337498,3.308289459154471,1.671,1.625,STABLE,STABLE,0.1687596658871097,2962954783520
378,Danske Bank A/S,1162763750.0,1/9/2023,1/9/2026,Baa2,BBB+,USD,US23636BBF58,6.795309965033603,6.466,6.466,POS,STABLE,0.0595304245577537,150968527130
379,Apple Inc,1816976000.0,9/11/2019,9/11/2026,Aaa,AA+,USD,US037833DN70,4.7715527147828425,2.076,2.05,STABLE,STABLE,0.098095460219283,2962954783520
380,JPMorgan Chase & Co,2557425750.0,2/1/2017,2/1/2028,A1,A-,USD,US46625HRY89,5.851782838621472,3.782,3.782,STABLE,STABLE,0.1213208055724465,443654140000
381,Morgan Stanley,1844508000.0,4/20/2022,4/17/2025,A1,A-,USD,US61747YEQ44,6.473787610150923,3.62,3.62,STABLE,STABLE,0.0353354254319514,125905011300
384,Apple Inc,1182535200.0,8/5/2021,8/5/2061,Aaa,AA+,USD,US037833EL06,5.035307413276497,2.855,2.85,STABLE,STABLE,0.3096721525194403,2962488200960
385,JPMorgan Chase & Co,2076168600.0,12/10/2021,12/10/2025,A1,A-,USD,US46647PCT12,6.168869593851551,1.561,1.561,STABLE,STABLE,0.0507919864909223,443654140000
386,JPMorgan Chase & Co,1500000000.0,1/27/2015,1/27/2025,A1,A-,EUR,XS1174469137,4.0506517969602625,1.506,1.5,STABLE,STABLE,0.1648573600686714,443654140000
388,Morgan Stanley,1793618000.0,7/23/2019,7/22/2025,A1,A-,USD,US6174468J17,6.445713711400473,2.72,2.72,STABLE,STABLE,0.037449499551735,125896804740
390,JPMorgan Chase & Co,2542600500.0,4/22/2020,4/22/2031,A1,A-,USD,US46647PBL94,5.809229076149498,2.5220000000000002,2.522,STABLE,STABLE,0.1542442164675195,443654140000
393,Apple Inc,1286151000.0,11/13/2017,1/13/2025,Aaa,AA+,USD,US037833DF47,5.081056508219224,2.7720000000000002,2.75,STABLE,STABLE,0.0462521062369588,2963062097500
396,Intesa Sanpaolo SpA,682603500.0,9/23/2019,9/23/2029,Baa1,BBB,USD,US46115HBL06,6.620844842767824,4.083,4.0,STABLE,STABLE,0.2912336241194952,47827802150
398,Intel Corp,1718559500.0,8/5/2022,8/5/2052,A2,A,USD,US458140CB48,5.565077607015209,4.913,4.9,NEG,NEG,0.419367243982714,186958520000
399,UBS Group AG,1158524400.0,5/12/2022,5/12/2026,A3,A-,USD,USH42097CZ86,6.452276343240201,4.488,4.488,POS,NEG,0.1227614632654778,80112709880
401,JPMorgan Chase & Co,2136862500.0,7/23/2018,7/23/2029,A1,A-,USD,US46647PAV85,5.706079445692401,4.203,4.203,STABLE,STABLE,0.161205391061599,443654140000
402,Nasdaq Inc,458254500.0,6/28/2023,6/28/2025,Baa2,BBB,USD,US63111XAG60,5.581148738118194,5.6930000000000005,5.65,STABLE,STABLE,0.0623207005878986,32223471230
403,JPMorgan Chase & Co,1366759500.0,5/27/2020,6/1/2028,A1,A-,USD,US46647PBR64,5.857592071040096,2.182,2.182,STABLE,STABLE,0.1330011270804998,443654140000
404,BlackRock Inc,1156606250.0,5/6/2020,1/28/2031,Aa3,AA-,USD,US09247XAR26,5.081623322013838,1.937,1.9,STABLE,STABLE,0.1863092819216429,110200630110
408,JPMorgan Chase & Co,1000000000.0,2/19/2014,2/19/2026,A1,A-,EUR,XS1034975406,3.9339004871479837,3.071,3.0,STABLE,STABLE,0.2091364432872863,443654140000
409,JPMorgan Chase & Co,1028464800.0,11/16/2016,12/1/2027,A3,BBB+,USD,US46625HRX07,5.2633388304051385,3.644,3.625,STABLE,STABLE,0.1246977563559213,443654140000
410,JPMorgan Chase & Co,2914541000.0,4/22/2021,4/22/2027,A1,A-,USD,US46647PCB04,5.911726180502123,1.578,1.578,STABLE,STABLE,0.0941069430806868,443654140000
411,Apple Inc,1610395500.0,5/11/2017,5/11/2024,Aaa,AA+,USD,US037833CU23,5.373244427827966,2.865,2.85,STABLE,STABLE,0.1326431534283096,2962954783520
413,AbbVie Inc,2372865300.0,5/14/2015,5/14/2045,A3,A-,USD,US00287YAS81,5.540584834381235,4.703,4.7,STABLE,STABLE,0.2651465524430351,245912879680
417,JPMorgan Chase & Co,1181793200.0,11/19/2020,11/19/2031,A1,A-,USD,US46647PBU93,5.677013398889844,1.764,1.764,STABLE,STABLE,0.1771524753122466,443668595050
421,JPMorgan Chase & Co,1665452000.0,4/22/2021,4/22/2042,A1,A-,USD,US46647PCD69,5.690600700392398,3.157,3.157,STABLE,STABLE,0.362685531307103,443654140000
422,Intel Corp,1227542500.0,8/5/2022,8/5/2027,A2,A,USD,US458140BY59,4.922737974237146,3.773,3.75,NEG,NEG,0.131737233890854,186958520000
423,Morgan Stanley,2443095000.0,1/23/2018,1/24/2029,A1,A-,USD,US61744YAP34,5.877747964375504,3.7720000000000002,3.772,STABLE,STABLE,0.1596459626618177,125896804740
425,JPMorgan Chase & Co,2000000000.0,5/18/2017,5/18/2028,A1,A-,EUR,XS1615079974,4.190947243735944,1.6380000000000001,1.638,STABLE,STABLE,0.129661792604117,443654140000
426,Intel Corp,1807876000.0,11/21/2019,11/15/2029,A2,A,USD,US458140BH27,4.860879579149649,2.465,2.45,NEG,NEG,0.1864118172124699,186958520000
429,JPMorgan Chase & Co,825839000.0,2/16/2021,2/16/2025,A1,A-,USD,US46647PBY16,5.91342021136334,0.5630000000000001,0.563,STABLE,STABLE,0.0280326397249518,443654140000
430,Morgan Stanley,1436987500.0,11/18/2022,11/18/2033,A1,A-,GBP,XS2558389891,5.800164176191471,5.789,5.789,STABLE,STABLE,0.2926917825923882,125896804740
431,Intesa Sanpaolo SpA,300000000.0,7/12/2019,7/12/2029,Baa3,BB+,EUR,XS2026295126,7.453275905668415,4.463,4.375,STABLE,STABLE,0.3929424727943047,47827802150
434,BlackRock Inc,718293000.0,3/18/2014,3/18/2024,Aa3,AA-,USD,US09247XAL55,5.453891641361638,3.5400000000000005,3.5,STABLE,STABLE,0.0773297448069198,110200630110
435,Intel Corp,883830600.0,8/5/2022,8/5/2062,A2,A,USD,US458140CC21,5.628576251137705,5.063,5.05,NEG,NEG,0.3744010556705638,186958520000
437,Morgan Stanley,2305635000.0,4/20/2022,4/20/2028,A1,A-,USD,US61747YER27,5.891829465912204,4.21,4.21,STABLE,STABLE,0.1373019462882946,125905011300
438,BlackRock Inc,646146900.0,3/28/2017,3/15/2027,Aa3,AA-,USD,US09247XAN12,4.790218848415149,3.248,3.2,STABLE,STABLE,0.118283040814985,110200630110
439,Intel Corp,1381113000.0,3/25/2020,3/25/2025,A2,A,USD,US458140BP43,5.365073585487728,3.434,3.4,NEG,NEG,0.0593520770442648,186958520000
443,Morgan Stanley,2058520000.0,1/25/2021,4/28/2032,A1,A-,USD,US6174468X01,5.919643302489561,1.928,1.928,STABLE,STABLE,0.1683819388101663,125905011300
445,UBS Group AG,1321090500.0,1/11/2022,2/11/2043,A3,A-,USD,USH42097CU99,6.16173042522823,3.1790000000000003,3.179,POS,NEG,0.5635118106296133,80112709880
447,AbbVie Inc,878241000.0,5/12/2016,5/14/2036,A3,A-,USD,US00287YAV11,5.2796054127561245,4.341,4.3,STABLE,STABLE,0.2418149931372912,245882865540
449,UBS Group AG,1707096000.0,8/10/2021,8/10/2027,A3,A-,USD,US902613AH15,6.182240747545615,1.494,1.494,POS,NEG,0.1418987901967055,80112709880
450,JPMorgan Chase & Co,2914541000.0,4/22/2021,4/22/2032,A1,A-,USD,US46647PCC86,5.777861014459285,2.58,2.58,STABLE,STABLE,0.1758932042103688,443711960170
452,UBS Group AG,1235755500.0,2/10/2021,#N/A Field Not Applicable,Baa3,BB,USD,US902613AD01,8.401758649350707,4.375,4.375,POS,NEG,0.4650403062668819,80112709880
454,Morgan Stanley,1646816000.0,1/25/2021,1/25/2052,A1,A-,USD,US6174468Y83,5.516999854396544,2.802,2.802,STABLE,STABLE,0.3621495870572319,125896804740
459,UBS Group AG,2073980250.0,1/12/2023,1/12/2034,A3,A-,USD,US902613AV09,6.25966697665686,5.9590000000000005,5.959,POS,NEG,0.336529481766166,80112709880
460,Intesa Sanpaolo SpA,1090841250.0,7/14/2017,7/14/2027,Baa1,BBB,USD,US46115HBB24,6.787261385099311,3.9010000000000002,3.875,STABLE,STABLE,0.52083808047396,47827802150
461,Intel Corp,690556500.0,3/25/2020,3/25/2040,A2,A,USD,US458140BL39,5.308497576832544,4.607,4.6,NEG,NEG,0.317284926824111,186958520000
464,JPMorgan Chase & Co,957913750.0,12/22/2011,1/6/2042,A1,A-,USD,US48126BAA17,5.504203241631583,5.4110000000000005,5.4,STABLE,STABLE,0.2800942640684433,443668595050
465,Intel Corp,1150282500.0,5/11/2017,5/11/2024,A2,A,USD,US458140BD13,5.580054301685745,2.879,2.875,NEG,NEG,0.1507126268801988,186958520000
467,Intesa Sanpaolo SpA,456260000.0,9/20/2022,9/20/2032,Baa3,BB+,GBP,XS2534883363,8.006542619331235,8.505,8.505,STABLE,STABLE,0.3955181877704309,47827802150
470,Apple Inc,1795710000.0,8/4/2016,8/4/2046,Aaa,AA+,USD,US037833CD08,5.126543759123917,3.8649999999999998,3.85,STABLE,STABLE,0.3136378326753758,2962488200960
474,UBS Group AG,1473051000.0,8/5/2022,8/5/2033,A3,A-,USD,US902613AT52,6.388810903193167,4.988,4.988,POS,NEG,0.3648736240730391,80112709880
476,Apple Inc,681366000.0,9/11/2019,9/11/2024,Aaa,AA+,USD,US037833DM97,5.4632778080193605,1.8479999999999999,1.8,STABLE,STABLE,0.0773277198694516,2962954783520
478,JPMorgan Chase & Co,1832321250.0,1/23/2018,1/23/2029,A1,A-,USD,US46647PAM86,5.7267616131050785,3.509,3.509,STABLE,STABLE,0.1389265584713293,443668595050
479,JPMorgan Chase & Co,1542026500.0,6/7/2016,6/15/2026,A1,A-,USD,US46625HRS12,5.246288451997755,3.205,3.2,STABLE,STABLE,0.0932067249053535,443654140000
481,Morgan Stanley,2547198000.0,7/20/2021,7/20/2027,A1,A-,USD,US61747YEC57,5.9853617337072,1.512,1.512,STABLE,STABLE,0.0938863252844338,125896804740
482,JPMorgan Chase & Co,3001922000.0,11/10/2017,11/15/2048,A1,A-,USD,US46647PAL04,5.667061872883497,3.964,3.964,STABLE,STABLE,0.3448215929603876,443654140000
489,Apple Inc,1000000000.0,9/17/2015,9/17/2027,Aaa,AA+,EUR,XS1292389415,3.13559601225887,2.04,2.0,STABLE,STABLE,0.214856389357775,2962954783520
490,Intel Corp,834728900.0,8/5/2022,8/5/2029,A2,A,USD,US458140BZ25,4.899999315792027,4.041,4.0,NEG,NEG,0.2183809315220867,186958520000
494,Intel Corp,920226000.0,5/11/2017,5/11/2027,A2,A,USD,US458140AX85,4.936291603014514,3.189,3.15,NEG,NEG,0.1337524063766912,186958520000
495,Morgan Stanley,3157234500.0,1/22/2020,1/22/2031,A1,A-,USD,US6174468L62,5.852811751546496,2.6990000000000003,2.699,STABLE,STABLE,0.1452712581511016,125905011300
497,JPMorgan Chase & Co,2508240000.0,2/4/2021,2/4/2032,A1,A-,USD,US46647PBX33,5.7195281697714995,1.953,1.953,STABLE,STABLE,0.1441251567153159,443654140000
498,JPMorgan Chase & Co,1066935000.0,8/10/2021,8/9/2025,A1,A-,USD,US46647PCM68,6.130314658162723,0.768,0.768,STABLE,STABLE,0.0436978682863058,443654140000
499,JPMorgan Chase & Co,1217307000.0,7/21/2011,7/15/2041,A1,A-,USD,US46625HJB78,5.460379076256607,5.630000000000001,5.6,STABLE,STABLE,0.2846311174492434,443654140000
503,Apple Inc,1000000000.0,9/17/2015,1/17/2024,Aaa,AA+,EUR,XS1292384960,3.8510946838178914,1.4260000000000002,1.375,STABLE,STABLE,0.0438529203875789,2962954783520
504,Apple Inc,1362732000.0,9/11/2019,9/11/2049,Aaa,AA+,USD,US037833DQ02,5.100980538555337,2.987,2.95,STABLE,STABLE,0.2670524678084948,2962954783520
505,JPMorgan Chase & Co,1350620800.0,11/19/2020,11/19/2041,A1,A-,USD,US46647PBV76,5.669990270393792,2.525,2.525,STABLE,STABLE,0.2820763080258021,443654140000
507,UBS Group AG,2677772500.0,5/14/2021,5/14/2032,A3,A-,USD,US225401AU28,6.3176831954646016,3.0909999999999997,3.091,POS,NEG,0.23574375798097,80112709880
509,JPMorgan Chase & Co,1634922000.0,6/1/2021,6/1/2029,A1,A-,USD,US46647PCJ30,5.672849188164321,2.069,2.069,STABLE,STABLE,0.155886584682814,443654140000
511,Intel Corp,851912000.0,8/12/2021,8/12/2028,A2,A,USD,US458140BT64,4.865266364656407,1.631,1.6,NEG,NEG,0.1229289064663091,186958520000
513,JPMorgan Chase & Co,2231545000.0,5/6/2019,5/6/2030,A1,A-,USD,US46647PBD78,5.764400301004179,3.702,3.702,STABLE,STABLE,0.1678308984641156,443654140000
519,Apple Inc,1250000000.0,5/24/2017,5/24/2025,Aaa,AA+,EUR,XS1619312173,3.548457044059755,0.899,0.875,STABLE,STABLE,0.0832057893003547,2962954783520
523,UBS Group AG,2745921000.0,4/1/2020,4/1/2031,A3,A-,USD,US225401AP33,6.517944359087999,4.194,4.194,POS,NEG,0.1533666226404243,80112709880
524,UBS Group AG,1816976000.0,9/11/2019,9/11/2025,A3,A-,USD,US225401AM02,6.758434101589056,2.593,2.593,POS,NEG,0.0357111159395061,80112709880
526,JPMorgan Chase & Co,828578750.0,3/5/2021,3/5/2028,A1,A-,CAD,CA48124BAG01,5.412974892398044,1.8960000000000001,1.896,STABLE,STABLE,0.1054750835233874,443711960170
528,Intel Corp,920742000.0,3/25/2020,3/25/2027,A2,A,USD,US458140BQ26,4.97030600018328,3.782,3.75,NEG,NEG,0.1255308796772437,186958520000
531,JPMorgan Chase & Co,1750126000.0,1/29/2019,1/29/2027,A1,A-,USD,US46647PBA30,6.061810415280167,3.96,3.96,STABLE,STABLE,0.1151441510322065,443711960170
532,BlackRock Inc,883476000.0,12/10/2021,2/25/2032,Aa3,AA-,USD,US09247XAS09,5.102464108626293,2.198,2.1,STABLE,STABLE,0.2250734238700171,110200630110
534,Intesa Sanpaolo SpA,393291500.0,6/10/2020,6/10/2030,Baa3,BB+,GBP,XS2185883100,7.923835718751798,5.148,5.148,STABLE,STABLE,0.3340794221052533,47827802150
535,Danske Bank A/S,1173097500.0,9/22/2023,9/22/2026,A3,A+,USD,US23636ABE01,6.127214295416528,6.259,6.259,POS,STABLE,0.068825352098784,150968527130
540,Morgan Stanley,2062662500.0,12/10/2020,12/10/2026,A1,A-,USD,US6174468V45,6.14876269702615,0.985,0.985,STABLE,STABLE,0.0805110320786492,125896804740
542,Danske Bank A/S,1132212500.0,4/1/2022,4/1/2028,Baa2,BBB+,USD,US23636ABC45,6.297314486540482,4.298,4.298,POS,STABLE,0.1444623978445899,150968527130
543,JPMorgan Chase & Co,731893000.0,1/28/2014,2/1/2044,A1,A-,USD,US46625HJU59,5.476731364412353,4.861,4.85,STABLE,STABLE,0.4548721173900054,443654140000
545,Morgan Stanley,2206920000.0,1/24/2022,1/21/2033,A1,A-,USD,US61747YEL56,5.925540806996164,2.943,2.943,STABLE,STABLE,0.1970958122539497,125896804740
548,Intel Corp,892200000.0,5/19/2016,5/19/2026,A2,A,USD,US458140AU47,4.9376785847070845,2.629,2.6,NEG,NEG,0.0943708548173891,186958520000
550,Danske Bank A/S,1162763750.0,1/9/2023,1/9/2026,Baa2,BBB+,USD,US23636ABF75,6.820818098790051,6.466,6.466,POS,STABLE,0.0595304245577537,150968527130
551,UBS Group AG,1158524400.0,5/12/2022,5/12/2028,A3,A-,USD,USH42097DB00,6.207263188995722,4.751,4.751,POS,NEG,0.190814850322978,80112709880
552,Intel Corp,1381113000.0,3/25/2020,3/25/2030,A2,A,USD,US458140BR09,4.956713481309007,3.9250000000000003,3.9,NEG,NEG,0.2160470126724378,186958520000
553,Danske Bank A/S,424677000.0,6/12/2018,6/12/2028,Baa2,BBB+,USD,US23636BAQ23,5.860088853538241,4.391,4.375,POS,STABLE,0.3069041363439435,151054745590
555,Morgan Stanley,1718508000.0,7/24/2017,7/22/2038,A1,A-,USD,US61744YAL20,5.736578133804607,3.971,3.971,STABLE,STABLE,0.2853973409280055,125905011300
556,JPMorgan Chase & Co,2030512500.0,3/13/2020,3/13/2026,A1,A-,USD,US46647PBH82,6.450492432874679,2.005,2.005,STABLE,STABLE,0.0746511506969618,443654140000
561,Danske Bank A/S,679327500.0,4/1/2022,3/28/2025,Baa2,BBB+,USD,US23636BBD01,6.693678380777358,3.773,3.773,POS,STABLE,0.0584390494729494,151054745590
562,Intel Corp,1115250000.0,5/19/2016,5/19/2046,A2,A,USD,US458140AV20,5.581131437598077,4.133,4.1,NEG,NEG,0.3482360438157724,186958520000
564,BlackRock Inc,907828000.0,1/27/2020,4/30/2030,Aa3,AA-,USD,US09247XAQ43,4.915750114585249,2.4090000000000003,2.4,STABLE,STABLE,0.1835267753336838,110200630110
565,UBS Group AG,1341729000.0,8/13/2019,8/13/2030,A3,A-,USD,USH42097AZ05,6.240130147399117,3.126,3.126,POS,NEG,0.1313996886522513,80112709880
569,Danske Bank A/S,1132212500.0,4/1/2022,4/1/2028,Baa2,BBB+,USD,US23636BBC28,6.300594450631147,4.298,4.298,POS,STABLE,0.1444623978445899,151054745590
572,Intel Corp,1064890000.0,8/12/2021,8/12/2051,A2,A,USD,US458140BW93,5.509375253084392,3.0669999999999997,3.05,NEG,NEG,0.3131584807579859,186958520000
573,AbbVie Inc,1756482000.0,5/12/2016,5/14/2046,A3,A-,USD,US00287YAW93,5.521648860627619,4.491,4.45,STABLE,STABLE,0.2686192311771015,245904051990
575,Nasdaq Inc,440579000.0,6/7/2016,6/30/2026,Baa2,BBB,USD,US631103AG34,5.341939145759866,3.8609999999999998,3.85,STABLE,STABLE,0.1104028840661983,32223471230
576,UBS Group AG,2745921000.0,4/1/2020,4/1/2031,A3,A-,USD,USH3698DCW23,6.543712720742413,4.194,4.194,POS,NEG,0.1533666226404243,80112709880
580,Apple Inc,1071792500.0,11/13/2017,11/13/2047,Aaa,AA+,USD,US037833DG20,5.133475598953945,3.7960000000000003,3.75,STABLE,STABLE,0.3624783972052684,2962799256000
581,Morgan Stanley,2148485000.0,10/19/2021,10/20/2032,A1,A-,USD,US61747YEH45,5.917128286207258,2.511,2.511,STABLE,STABLE,0.1478731261004311,125896804740
582,Apple Inc,1520402400.0,8/5/2021,8/5/2051,Aaa,AA+,USD,US037833EK23,5.08101722069596,2.705,2.7,STABLE,STABLE,0.3373849316206757,2962799256000
585,Apple Inc,1065067500.0,7/31/2015,7/31/2029,Aaa,AA+,GBP,XS1269175466,4.503933558917673,3.09,3.05,STABLE,STABLE,0.1673447634493926,2962954783520
587,Morgan Stanley,1986228000.0,1/24/2022,1/21/2028,A1,A-,USD,US61747YEK73,5.785238791205481,2.475,2.475,STABLE,STABLE,0.1189587990944231,125905011300
592,JPMorgan Chase & Co,1634922000.0,6/1/2021,6/1/2025,A1,A-,USD,US46647PCH73,6.188126416569571,0.8240000000000001,0.824,STABLE,STABLE,0.0319927132246108,443654140000
594,Morgan Stanley,2107748250.0,1/20/2017,1/22/2047,A1,A-,USD,US61746BEG77,5.667205473818302,4.416,4.375,STABLE,STABLE,0.4209590585427064,125896804740
596,UBS Group AG,350592800.0,1/30/2019,1/30/2025,A3,A-,CHF,CH0459297435,1.3950222319902006,0.795,0.875,POS,NEG,0.2061149787086657,80112709880
597,Morgan Stanley,1545622750.0,2/18/2022,2/18/2026,A1,A-,USD,US61747YEM30,6.282434048073328,2.63,2.63,STABLE,STABLE,0.0567102742265092,125905011300
599,UBS Group AG,1321090500.0,1/11/2022,2/11/2043,A3,A-,USD,US902613AL27,6.162244248767561,3.1790000000000003,3.179,POS,NEG,0.5635118106296133,80112709880
600,JPMorgan Chase & Co,1477621200.0,2/24/2022,2/24/2028,A1,A-,USD,US46647PCW41,5.77151874614291,2.947,2.947,STABLE,STABLE,0.1325673265929644,443654140000
602,AbbVie Inc,750000000.0,9/26/2019,11/18/2027,A3,A-,EUR,XS2055646918,3.5419641018261223,0.8150000000000001,0.75,STABLE,STABLE,0.1749354244724938,245882865540
604,Intel Corp,1807876000.0,11/21/2019,11/15/2049,A2,A,USD,US458140BJ82,5.555960308488439,3.253,3.25,NEG,NEG,0.2473744362171698,186958520000
605,Danske Bank A/S,1173097500.0,9/22/2023,9/22/2026,A3,A+,USD,US23636BBE83,6.108058727577134,6.259,6.259,POS,STABLE,0.068825352098784,150968527130
607,Intesa Sanpaolo SpA,730826000.0,1/14/2014,1/12/2024,Baa1,BBB,USD,US46115HAP29,6.55187673887373,5.335,5.25,STABLE,STABLE,0.0553219474660785,47827802150
610,UBS Group AG,1718559500.0,8/5/2022,8/5/2025,A3,A-,USD,US902613AR96,6.682803125648479,4.49,4.49,POS,NEG,0.0648396436070925,80112709880
611,UBS Group AG,1816976000.0,9/11/2019,9/11/2025,A3,A-,USD,USH3698DCR38,6.6161280817664725,2.593,2.593,POS,NEG,0.0357111159395061,80112709880
612,Intel Corp,1099989000.0,9/19/2011,10/1/2041,A2,A,USD,US458140AK64,5.561023456815326,4.847,4.8,NEG,NEG,0.270259426831551,186958520000
614,UBS Group AG,1718559500.0,8/5/2022,8/5/2027,A3,A-,USD,US902613AS79,6.384697761489996,4.703,4.703,POS,NEG,0.1251054022606735,80112709880
615,UBS Group AG,1158524400.0,5/12/2022,5/12/2028,A3,A-,USD,US902613AP31,6.1917889997898685,4.751,4.751,POS,NEG,0.190814850322978,80112709880
617,Apple Inc,212828850.0,6/10/2016,6/10/2026,Aaa,AA+,AUD,AU3CB0237881,4.854626335934746,3.61,3.6,STABLE,STABLE,0.2686861952219553,2962488200960
619,Apple Inc,710045000.0,7/31/2015,7/31/2042,Aaa,AA+,GBP,XS1269176191,4.920015640190454,3.634,3.6,STABLE,STABLE,0.4016835181052049,2962954783520
624,Intel Corp,1064890000.0,8/12/2021,8/12/2031,A2,A,USD,US458140BU38,4.907649760540955,2.004,2.0,NEG,NEG,0.2014758401420798,186958520000
629,Danske Bank A/S,846124000.0,9/10/2021,9/10/2025,A3,A+,USD,US23636ABA88,6.06322362465063,0.976,0.976,POS,STABLE,0.0523987100126743,150968527130
630,Morgan Stanley,1665452000.0,4/22/2021,4/22/2042,A1,A-,USD,US61772BAC72,5.787712167263028,3.217,3.217,STABLE,STABLE,0.34223063428827,125896804740
631,Morgan Stanley,2325295500.0,11/13/2020,2/13/2032,A1,A-,USD,US6174468U61,5.879457812397709,1.794,1.794,STABLE,STABLE,0.1654833812098741,125896804740
635,Morgan Stanley,842212000.0,10/21/2020,10/21/2025,A1,A-,USD,US6174468R33,6.344158180697891,0.864,0.864,STABLE,STABLE,0.0526340947421595,125896804740
638,JPMorgan Chase & Co,2148135000.0,7/24/2017,7/24/2038,A1,A-,USD,US46647PAJ57,5.691435421232006,3.882,3.882,STABLE,STABLE,0.2796394488362869,443654140000
640,UBS Group AG,1341729000.0,8/13/2019,8/13/2030,A3,A-,USD,US902613AA61,6.187477390807765,3.126,3.126,POS,NEG,0.1313996886522513,80112709880
643,UBS Group AG,1754970000.0,4/5/2016,4/15/2026,A3u,A-,USD,US90351DAF42,5.972643678086679,4.152,4.125,POS,NEG,0.112212532356716,80112709880
644,UBS Group AG,471652000.0,11/3/2021,11/3/2029,A3,A-,GBP,CH1142231708,5.9291914444633615,1.93,1.875,POS,NEG,0.2275320432058046,80112709880
645,Apple Inc,1250000000.0,5/24/2017,5/24/2029,Aaa,AA+,EUR,XS1619312686,3.1220238633129336,1.432,1.375,STABLE,STABLE,0.244130188692222,2962954783520
646,Intel Corp,2071669500.0,3/25/2020,3/25/2050,A2,A,USD,US458140BM12,5.618483723549148,4.757,4.75,NEG,NEG,0.343856489949062,186958520000
648,UBS Group AG,842647500.0,6/9/2020,6/9/2028,A3,A-,GBP,CH0550413337,6.412357789860006,2.299,2.25,POS,NEG,0.21391871856596,80112709880
649,Intel Corp,638934000.0,8/12/2021,8/12/2061,A2,A,USD,US458140BX76,5.517893491190703,3.217,3.2,NEG,NEG,0.3788405682134982,186958520000
651,Intesa Sanpaolo SpA,824083000.0,1/12/2018,1/12/2028,Baa1,BBB,USD,US46115HBD89,6.6061544950270825,3.971,3.875,STABLE,STABLE,0.1768343613392751,47827802150
652,UBS Group AG,1321090500.0,1/11/2022,2/11/2033,A3,A-,USD,US902613AK44,6.267964414107063,2.746,2.746,POS,NEG,0.3453038674305676,80112709880
653,Morgan Stanley,709794000.0,2/7/2017,2/7/2024,A1,A-,CAD,CA6174468D43,5.467185242395857,3.003,3.0,STABLE,STABLE,0.0172322847343106,125896804740
658,Danske Bank A/S,178386250.0,3/7/2019,3/7/2024,Baa2,BBB+,NOK,NO0010844608,5.907063005392944,3.503,3.5,POS,STABLE,0.2041611793964334,150968527130
663,UBS Group AG,2677772500.0,5/14/2021,5/14/2032,A3,A-,USD,USH3698DDH47,6.334509625868274,3.0909999999999997,3.091,POS,NEG,0.23574375798097,80112709880
667,Nasdaq Inc,505735450.0,3/7/2022,3/7/2052,Baa2,BBB,USD,US631103AM02,5.881211710663825,3.985,3.95,STABLE,STABLE,0.4079157562753609,32223471230
670,UBS Group AG,1321090500.0,1/11/2022,2/11/2033,A3,A-,USD,USH42097CT27,6.278799486619196,2.746,2.746,POS,NEG,0.3453038674305676,80112709880
674,Apple Inc,294686100.0,6/10/2016,1/10/2024,Aaa,AA+,AUD,AU3CB0237899,4.571987750322838,3.36,3.35,STABLE,STABLE,0.1478051761710335,2962954783520
679,UBS Group AG,2221255000.0,9/24/2015,9/24/2025,A3u,A-,USD,US90351DAB38,6.172133523319815,4.148,4.125,POS,NEG,0.09183374717505,80112709880
682,Nasdaq Inc,615000000.0,7/30/2021,7/30/2033,Baa2,BBB,EUR,XS2369906644,4.170729724465716,0.901,0.9,STABLE,STABLE,0.3278395526232359,32223471230
689,UBS Group AG,1328548500.0,6/5/2020,6/5/2026,A3,A-,USD,US225401AQ16,6.841024517431858,2.193,2.193,POS,NEG,0.1095592400746694,80112709880
693,UBS Group AG,1158524400.0,5/12/2022,5/12/2026,A3,A-,USD,US902613AM00,6.463565921487612,4.488,4.488,POS,NEG,0.1227614632654778,80112709880
695,Intel Corp,922301000.0,2/13/2020,2/15/2060,A2,A,USD,US458140BK55,5.4118061461087095,3.129,3.1,NEG,NEG,0.3587987732897992,186958520000
696,JPMorgan Chase & Co,1896354000.0,2/22/2017,2/22/2048,A1,A-,USD,US46647PAA49,5.647453656249159,4.26,4.26,STABLE,STABLE,0.3040758885892796,443654140000
697,Morgan Stanley,2971731000.0,7/20/2021,7/21/2032,A1,A-,USD,US61747YED31,5.943753416338773,2.239,2.239,STABLE,STABLE,0.1817935784983231,125896804740
699,Morgan Stanley,816957000.0,4/24/2018,4/22/2039,A1,A-,USD,US61744YAR99,5.849995434100793,4.457000000000002,4.457,STABLE,STABLE,0.4479324761434864,125896804740
702,Nasdaq Inc,531206650.0,12/21/2020,1/15/2031,Baa2,BBB,USD,US63111XAD30,5.360638410575734,1.686,1.65,STABLE,STABLE,0.1560358778272894,32223471230
705,UBS Group AG,1707096000.0,8/10/2021,8/10/2027,A3,A-,USD,USH42097CM73,6.158893503303216,1.494,1.494,POS,NEG,0.1418987901967055,80112709880
711,UBS Group AG,1648166000.0,1/12/2018,1/12/2029,A3,A-,USD,US225401AF50,6.294775326286104,3.869,3.869,POS,NEG,0.1053582532394536,80112709880
719,UBS Group AG,1855082000.0,3/23/2017,3/23/2028,A3u,A-,USD,US90352JAC71,5.917885209957613,4.253,4.253,POS,NEG,0.1865797115011399,80112709880
722,JPMorgan Chase & Co,1425138750.0,1/23/2018,1/23/2049,A1,A-,USD,US46647PAN69,5.670257011502178,3.8970000000000002,3.897,STABLE,STABLE,0.2849424379645792,443654140000
724,UBS Group AG,1328548500.0,6/5/2020,6/5/2026,A3,A-,USD,USH3698DCY88,6.835379386186427,2.193,2.193,POS,NEG,0.1095592400746694,80112709880
727,JPMorgan Chase & Co,1298515600.0,2/24/2022,2/24/2026,A1,A-,USD,US46647PCV67,6.1574852048325495,2.595,2.595,STABLE,STABLE,0.0680180643846053,443654140000
729,Danske Bank A/S,1315846500.0,1/16/2019,1/12/2024,Baa2,BBB+,USD,US23636AAT88,6.535852274552542,5.422,5.375,POS,STABLE,0.0792776246087775,150968527130
737,Intel Corp,920226000.0,5/11/2017,5/11/2047,A2,A,USD,US458140AY68,5.588879701702446,4.134,4.1,NEG,NEG,0.3529930883971327,186937440000
738,Nasdaq Inc,531206650.0,12/21/2020,12/21/2040,Baa2,BBB,USD,US63111XAE13,5.821893350033922,2.5,2.5,STABLE,STABLE,0.2560014195146154,32223471230
739,Danske Bank A/S,424677000.0,6/12/2018,6/12/2028,Baa2,BBB+,USD,US23636AAR23,5.847441837795708,4.391,4.375,POS,STABLE,0.3069041363439435,150968527130
743,UBS Group AG,1649202000.0,2/11/2021,2/11/2032,A3,A-,USD,US902613AE83,6.2351908596678,2.095,2.095,POS,NEG,0.2890506367585197,80112709880
746,Apple Inc,835925000.0,9/12/2017,9/12/2047,Aaa,AA+,USD,US037833DD98,5.140509703429725,3.782,3.75,STABLE,STABLE,0.3196961275156827,2962954783520
750,Danske Bank A/S,849150000.0,2/13/2023,4/13/2027,A3,A+,GBP,XS2586741543,6.038969162809701,4.791,4.625,POS,STABLE,0.1407113075077497,151054745590
751,Danske Bank A/S,846124000.0,9/10/2021,9/10/2027,A3,A+,USD,US23636BBB45,6.104448362299426,1.549,1.549,POS,STABLE,0.2226165462314933,150968527130
753,Danske Bank A/S,409867500.0,8/23/2023,8/23/2028,A3,A+,GBP,XS2671666688,5.957628320580509,6.557,6.5,POS,STABLE,0.1434868814962388,151054745590
754,Morgan Stanley,1859340000.0,3/24/2020,3/24/2051,A1,A-,USD,US6174468N29,5.635835985110015,5.596999999999999,5.597,STABLE,STABLE,0.4728109591317994,125896804740
759,UBS Group AG,1101349600.0,7/30/2020,1/30/2027,A3,A-,USD,US902613AC28,6.317763639823115,1.364,1.364,POS,NEG,0.1424963726349401,80112709880
767,AbbVie Inc,650000000.0,9/26/2019,11/18/2031,A3,A-,EUR,XS2055647213,3.5177332756387965,1.264,1.25,STABLE,STABLE,0.3503952009592985,245904051990
771,Intesa Sanpaolo SpA,682603500.0,9/23/2019,9/23/2024,Baa1,BBB,USD,US46115HBJ59,6.407892272312309,3.346,3.25,STABLE,STABLE,0.0934044508618598,47827802150
777,JPMorgan Chase & Co,1386873000.0,4/22/2020,4/22/2041,A1,A-,USD,US46647PBM77,5.757787863187327,3.109,3.109,STABLE,STABLE,0.2994086587377436,443654140000
779,Intesa Sanpaolo SpA,412041500.0,1/12/2018,1/12/2048,Baa1,BBB,USD,US46115HBE62,7.590203798839954,4.405,4.375,STABLE,STABLE,0.5006449356203875,47827802150
782,JPMorgan Chase & Co,1288881000.0,7/24/2017,7/24/2048,A1,A-,USD,US46647PAK21,5.637231229449496,4.032,4.032,STABLE,STABLE,0.4212307206125193,443654140000
784,UBS Group AG,416609160.0,11/9/2021,11/9/2028,A3,A-,CHF,CH1145096165,2.0196936766704847,0.435,0.435,POS,NEG,0.296653011223159,80112709880
788,Danske Bank A/S,846124000.0,9/10/2021,9/10/2027,A3,A+,USD,US23636ABB61,6.161708966433473,1.549,1.549,POS,STABLE,0.2226165462314933,151054745590
790,Intel Corp,638934000.0,8/12/2021,8/12/2041,A2,A,USD,US458140BV11,5.450472252673741,2.806,2.8,NEG,NEG,0.2647070764358465,186958520000
801,UBS Group AG,1766044000.0,4/18/2016,4/17/2026,A3,A-,USD,USH42097EJ27,5.90159612321908,4.553,4.55,POS,NEG,0.0986586897324953,80112709880
802,JPMorgan Chase & Co,160159440.0,7/30/2015,1/30/2026,A1,A-,AUD,AU3CB0231538,5.596310272436294,4.51,4.5,STABLE,STABLE,0.2509746033435499,443654140000
805,Danske Bank A/S,846124000.0,9/10/2021,9/10/2025,A3,A+,USD,US23636BBA61,6.133323985950671,0.976,0.976,POS,STABLE,0.0523987100126743,151054745590
808,Intel Corp,711584925.0,12/11/2012,12/15/2042,A2,A,USD,US458140AP51,5.579843275589213,4.265,4.25,NEG,NEG,0.3603046025824145,186958520000
817,UBS Group AG,1648166000.0,1/12/2018,1/12/2029,A3,A-,USD,USH3698DBM59,6.277928247486326,3.869,3.869,POS,NEG,0.1053582532394536,80112709880
826,Danske Bank A/S,1315846500.0,1/16/2019,1/12/2024,Baa2,BBB+,USD,US23636BAT61,6.8792214347124885,5.422,5.375,POS,STABLE,0.0792776246087775,150968527130
835,UBS Group AG,1649202000.0,2/11/2021,2/11/2032,A3,A-,USD,USH42097CC91,6.240718790131468,2.095,2.095,POS,NEG,0.2890506367585197,80112709880
841,Intesa Sanpaolo SpA,350058000.0,3/11/2021,3/11/2036,Baa1,BBB,GBP,XS2312756062,6.440651537534744,2.691,2.625,STABLE,STABLE,0.3987174352670955,47827802150
844,AbbVie Inc,4971659000.0,11/21/2019,11/21/2029,A3,A-,USD,USU0029QAV87,5.0715678298950655,3.203,3.2,STABLE,STABLE,0.7028373987679067,245882865540
851,Intel Corp,920742000.0,3/25/2020,3/25/2060,A2,A,USD,US458140BN94,5.5093752834018614,5.057,4.95,NEG,NEG,0.4289408102469792,186951352800
855,UBS Group AG,1101349600.0,7/30/2020,1/30/2027,A3,A-,USD,USH42097BT36,6.318318236573337,1.364,1.364,POS,NEG,0.1424963726349401,80112709880
861,UBS Group AG,2300627500.0,3/26/2015,3/26/2025,A3,A-,USD,USH42097EG87,6.182524329598581,3.779,3.75,POS,NEG,0.0877318611074334,80112709880
865,Nasdaq Inc,461604000.0,4/28/2020,4/28/2050,Baa2,BBB,USD,US63111XAB73,5.882561435710337,3.351,3.25,STABLE,STABLE,0.3137689721243544,32223471230
866,Danske Bank A/S,679327500.0,4/1/2022,3/28/2025,Baa2,BBB+,USD,US23636ABD28,6.655625149803776,3.773,3.773,POS,STABLE,0.0584390494729494,150968527130
881,Danske Bank A/S,681366000.0,9/20/2019,12/20/2025,Baa2,BBB+,USD,US23636AAV35,6.944865771288087,3.244,3.244,POS,STABLE,0.0488797866434552,150968527130
882,Danske Bank A/S,633588750.0,9/11/2020,9/11/2026,Baa2,BBB+,USD,US23636BAZ22,6.494675148920195,1.621,1.621,POS,STABLE,0.1052423576842678,150968527130
889,Danske Bank A/S,633588750.0,9/11/2020,9/11/2026,Baa2,BBB+,USD,US23636AAZ49,6.492610409397045,1.621,1.621,POS,STABLE,0.1052423576842678,150968527130
890,UBS Group AG,136223850.0,2/22/2016,2/23/2026,A3u,A-,CHF,CH0310451858,1.9008782524436714,1.23,1.25,POS,NEG,0.2855885244986739,80112709880
899,Intel Corp,536255400.0,6/16/2017,6/17/2024,A2,A,USD,US458140BE95,5.763631937479675,2.702,2.7,NEG,NEG,0.1130271852256073,186958520000
913,Danske Bank A/S,681366000.0,9/20/2019,12/20/2025,Baa2,BBB+,USD,US23636BAV18,6.959418628490555,3.244,3.244,POS,STABLE,0.0488797866434552,151054745590
929,UBS Group AG,1796606000.0,5/21/2015,5/15/2045,A3,A-,USD,US902613AZ13,5.9636884751247985,4.896000000000002,4.875,POS,NEG,0.4467814222073088,80112709880
945,UBS Group AG,2300627500.0,3/26/2015,3/26/2025,A3,A-,USD,US902613AW81,6.129918032577992,3.779,3.75,POS,NEG,0.0877318611074334,80112709880
966,UBS Group AG,1766044000.0,4/18/2016,4/17/2026,A3,A-,USD,US902613BA52,5.90159612321908,4.553,4.55,POS,NEG,0.0986586897324953,80112709880
997,AbbVie Inc,4971659000.0,11/21/2019,11/21/2029,A3,A-,USD,US00287YBW84,5.098189214258441,3.203,3.2,STABLE,STABLE,0.7028373987679067,245882865540
1033,UBS Group AG,1796606000.0,5/21/2015,5/15/2045,A3,A-,USD,USH42097EH60,6.005579787253868,4.896000000000001,4.875,POS,NEG,0.4467814222073088,80112709880
